Northing (Latitude),Easting (Longitude),Borehole No,Sample No,Depth,N Value,USCS Classiication,Cohesion (KPa),Unit Weight,Report No
33.719964500000003,73.211431500000003,1,S-1,5,50,SANDSTONE,45,18,1
33.719964500000003,73.211431500000003,2,S-1,5,50,SILTY CLAY,45,18,1
33.743057899999997,73.248064400000004,1,S-1,5,50,SHALE,45,18,2
33.743057899999997,73.248064400000004,1,S-2,10,50,SANDSTONE,50,18,2
33.743057899999997,73.248064400000004,2,S-1,5,50,SHALE,45,18,2
33.743057899999997,73.248064400000004,3,S-1,5,50,SHALE,45,18,2
33.743057899999997,73.248064400000004,3,S-2,10,50,SANDSTONE,50,18,2
33.713904999999997,73.219176000000004,1,S-1,5,6,SILTY CLAY,17,16,3
33.713904999999997,73.219176000000004,1,S-2,10,9,SILTY CLAY,33,16,3
33.713904999999997,73.219176000000004,1,S-3,15,26,SANDY SILTY CLAY,49,18,3
33.713904999999997,73.219176000000004,2,S-1,5,7,SILTY CLAY,17,16,3
33.713904999999997,73.219176000000004,2,S-2,10,18,SANDY SILTY CLAY,33,18,3
33.713904999999997,73.219176000000004,2,S-3,15,22,SANDY SILTY CLAY,49,18,3
33.726868000000003,73.216496000000006,1,S-1,5,7,SILTY CLAY,13,16,4
33.726868000000003,73.216496000000006,1,S-2,10,8,SILTY CLAY,20,16,4
33.726868000000003,73.216496000000006,2,S-1,5,6,SILTY CLAY,13,16,4
33.726868000000003,73.216496000000006,3,S-1,5,8,SILTY CLAY,13,16,4
33.726868000000003,73.216496000000006,1,S-1,5,10,SILTY CLAY,17,16,5
33.726868000000003,73.216496000000006,2,S-1,5,7,SILTY CLAY,17,16,5
33.726868000000003,73.216496000000006,2,S-2,10,8,SILTY CLAY,20,16,5
33.726868000000003,73.216496000000006,2,S-3,15,10,SILTY CLAY,25,16,5
33.726868000000003,73.216496000000006,2,S-4,20,13,SILTY CLAY,33,16,5
33.726868000000003,73.216496000000006,2,S-5,25,15,SILTY CLAY,37,16,5
33.711436399999997,73.191756100000006,1,S-1,5,50,SANDY SILTY CLAY,48,16,7
33.711436399999997,73.191756100000006,2,S-1,5,50,SANDY SILTY CLAY,48,16,7
33.711436399999997,73.191756100000006,3,S-1,5,50,SANDY SILTY CLAY,48,16,7
33.716806300000002,73.231911699999998,1,S-1,5,29,SANDY SILTY CLAY,37,18,9
33.716806300000002,73.231911699999998,1,S-2,10,34,SANDY SILTY CLAY,45,18,9
33.716806300000002,73.231911699999998,2,S-1,5,26,SANDY SILTY CLAY,37,18,9
33.716806300000002,73.231911699999998,2,S-2,10,35,SANDY SILTY CLAY,45,18,9
33.711514200000003,73.232989700000005,1,S-1,5,18,SILTY CLAY,41,18,10
33.711514200000003,73.232989700000005,1,S-2,10,26,SILTY CLAY,46,18,10
33.711514200000003,73.232989700000005,2,S-1,5,16,SILTY CLAY,41,18,10
33.711514200000003,73.232989700000005,2,S-2,10,26,SILTY CLAY,46,18,10
33.715451000000002,73.222734000000003,1,S-1,5,7,SILTY CLAY,17,16,11
33.715451000000002,73.222734000000003,1,S-2,10,8,SILTY CLAY,20,16,11
33.715451000000002,73.222734000000003,2,S-1,5,8,SILTY CLAY,17,16,11
33.678589500000001,73.167107599999994,1,S-1,5,9,SILTY CLAY,17,16,12
33.678589500000001,73.167107599999994,1,S-2,10,11,SILTY CLAY,20,16,12
33.678589500000001,73.167107599999994,1,S-3,15,14,SILTY CLAY,33,18,12
33.678589500000001,73.167107599999994,1,S-4,20,18,SILTY CLAY,49,18,12
33.678589500000001,73.167107599999994,2,S-1,5,10,SILTY CLAY,17,16,12
33.678589500000001,73.167107599999994,2,S-2,10,11,SILTY CLAY,20,16,12
33.678589500000001,73.167107599999994,2,S-3,15,16,SILTY CLAY,33,18,12
33.678589500000001,73.167107599999994,2,S-4,20,20,SILTY CLAY,49,18,12
33.678589500000001,73.167107599999994,3,S-1,5,8,SILTY CLAY,17,16,12
33.678589500000001,73.167107599999994,3,S-2,10,9,SILTY CLAY,20,16,12
33.678589500000001,73.167107599999994,3,S-3,15,15,SILTY CLAY,33,18,12
33.678589500000001,73.167107599999994,3,S-4,20,18,SILTY CLAY,49,18,12
33.685034399999999,73.164668000000006,1,S-1,5,9,SILTY CLAY,22,18,13
33.685034399999999,73.164668000000006,1,S-2,10,9,SILTY CLAY,27,18,13
33.685034399999999,73.164668000000006,1,S-3,15,10,SILTY CLAY,34,18,13
33.685034399999999,73.164668000000006,2,S-1,5,8,SILTY CLAY,22,18,13
33.685034399999999,73.164668000000006,2,S-2,10,10,SILTY CLAY,27,18,13
33.685034399999999,73.164668000000006,2,S-3,15,11,SILTY CLAY,34,18,13
33.694046299999997,73.188823499999998,1,S-1,5,8,SILTY CLAY,15,16,14
33.694046299999997,73.188823499999998,1,S-2,10,9,SILTY CLAY,17,16,14
33.694046299999997,73.188823499999998,1,S-3,15,14,SILTY CLAY,27,16,14
33.694046299999997,73.188823499999998,1,S-4,20,26,SILTY CLAY,40,18,14
33.694046299999997,73.188823499999998,2,S-1,5,6,SILTY CLAY,15,16,14
33.694046299999997,73.188823499999998,2,S-2,10,9,SILTY CLAY,17,16,14
33.694046299999997,73.188823499999998,2,S-3,15,14,SILTY CLAY,27,16,14
33.694046299999997,73.188823499999998,2,S-4,20,25,SILTY CLAY,40,18,14
33.694046299999997,73.188823499999998,3,S-1,5,7,SILTY CLAY,15,16,14
33.694046299999997,73.188823499999998,3,S-2,10,10,SILTY CLAY,17,16,14
33.701245,73.201357999999999,1,S-1,5,7,SILTY CLAY,15,16,15
33.701245,73.201357999999999,1,S-2,10,10,SILTY CLAY,25,16,15
33.701245,73.201357999999999,1,S-3,15,19,SILTY CLAY,33,16,15
33.701245,73.201357999999999,1,S-4,20,50,SANDY SILTY CLAY,42,18,15
33.701245,73.201357999999999,2,S-1,5,6,SILTY CLAY,15,16,15
33.722557999999999,73.232645099999999,1,S-1,5,8,SILTY CLAY,17,16,16
33.722557999999999,73.232645099999999,1,S-2,10,50,SILTY CLAY,25,16,16
33.722557999999999,73.232645099999999,2,S-1,5,10,SILTY CLAY,17,16,16
33.722557999999999,73.232645099999999,2,S-2,10,23,SILTY CLAY,25,16,16
33.722557999999999,73.232645099999999,2,S-3,15,50,SILTY CLAY,30,16,16
33.711995000000002,73.212201699999994,1,S-1,5,10,SILTY CLAY,20,16,17
33.711995000000002,73.212201699999994,1,S-2,10,17,SILTY CLAY,25,16,17
33.711995000000002,73.212201699999994,1,S-3,15,18,SILTY CLAY,32,18,17
33.711995000000002,73.212201699999994,1,S-4,20,20,SILTY CLAY,37,18,17
33.711995000000002,73.212201699999994,2,S-1,5,10,SILTY CLAY,20,16,17
33.711995000000002,73.212201699999994,2,S-2,10,16,SILTY CLAY,25,16,17
33.708690799999999,73.208581600000002,1,S-1,5,6,SILTY CLAY,15,16,19
33.708690799999999,73.208581600000002,1,S-2,10,8,SILTY CLAY,22,16,19
33.708690799999999,73.208581600000002,1,S-3,15,50,SANDY SILTY CLAY,35,18,19
33.708690799999999,73.208581600000002,1,S-4,20,50,SANDY SILTY CLAY,40,18,19
33.708690799999999,73.208581600000002,2,S-1,5,7,SILTY CLAY,15,16,19
33.708690799999999,73.208581600000002,2,S-2,10,10,SILTY CLAY,22,16,19
33.708690799999999,73.208581600000002,2,S-3,15,50,SANDY SILTY CLAY,35,18,19
33.708690799999999,73.208581600000002,2,S-4,20,50,SANDY SILTY CLAY,40,18,19
33.7041568,73.220361800000006,1,S-1,5,6,SILTY CLAY,15,16,20
33.7041568,73.220361800000006,1,S-2,10,8,SILTY CLAY,20,16,20
33.7041568,73.220361800000006,3,S-1,5,6,SILTY CLAY,15,16,20
33.662889999999997,73.107510000000005,1,S-1,5,11,SILTY CLAY,25,16,21
33.662889999999997,73.107510000000005,1,S-2,10,20,SILTY SAND,37,18,21
33.662889999999997,73.107510000000005,1,S-3,15,27,SILTY SAND,45,18,21
33.717590000000001,73.205089999999998,1,S-1,5,11,SILTY CLAY,29,16,22
33.717590000000001,73.205089999999998,1,S-2,10,15,SILTY CLAY,33,16,22
33.717590000000001,73.205089999999998,1,S-3,15,18,SILTY CLAY,50,16,22
33.717590000000001,73.205089999999998,1,S-4,20,50,SILTY CLAY,70,18,22
33.717590000000001,73.205089999999998,1,S-5,25,50,SILTY CLAY,75,18,22
33.717590000000001,73.205089999999998,2,S-1,5,9,SILTY CLAY,29,16,22
33.717590000000001,73.205089999999998,2,S-2,10,16,SILTY CLAY,33,16,22
33.717590000000001,73.205089999999998,2,S-3,15,17,SILTY CLAY,50,16,22
33.717590000000001,73.205089999999998,2,S-4,20,50,SILTY CLAY,70,18,22
33.717590000000001,73.205089999999998,2,S-5,25,50,SILTY CLAY,75,16,22
33.705461399999997,73.198840700000005,1,S-1,5,10,SILTY CLAY,20,16,23
33.705461399999997,73.198840700000005,1,S-2,10,16,SILTY CLAY,25,18,23
33.705461399999997,73.198840700000005,1,S-3,15,19,SILTY CLAY,35,18,23
33.705461399999997,73.198840700000005,1,S-4,20,23,SILTY CLAY,43,18,23
33.705461399999997,73.198840700000005,2,S-1,5,18,SILTY CLAY,20,16,23
33.705461399999997,73.198840700000005,2,S-2,10,18,SILTY CLAY,25,18,23
33.705461399999997,73.198840700000005,2,S-3,15,21,SILTY CLAY,35,18,23
33.705461399999997,73.198840700000005,2,S-4,20,26,SILTY CLAY,43,18,23
33.7118848,73.151728599999998,1,S-1,5,7,SILTY CLAY,19,16,24
33.7118848,73.151728599999998,1,S-2,10,8,SILTY CLAY,25,16,24
33.7118848,73.151728599999998,1,S-3,15,10,SILTY CLAY,25,16,24
33.7118848,73.151728599999998,1,S-4,20,12,SILTY CLAY,30,16,24
33.7118848,73.151728599999998,2,S-1,5,6,SILTY CLAY,19,16,24
33.7118848,73.151728599999998,2,S-2,10,8,SILTY CLAY,25,16,24
33.7118848,73.151728599999998,2,S-3,15,11,SILTY CLAY,25,16,24
33.7118848,73.151728599999998,2,S-4,20,14,SILTY CLAY,30,16,24
33.6798,73.257800000000003,1,S-1,5,11,SILTY CLAY,20,16,29
33.6798,73.257800000000003,1,S-2,10,11,SILTY CLAY,30,18,29
33.6798,73.257800000000003,1,S-3,15,19,SILTY CLAY,40,18,29
33.6798,73.257800000000003,3,S-1,5,10,SILTY CLAY,20,16,29
33.717370000000003,73.228250000000003,1,S-1,5,10,SILTY CLAY,25,16,30
33.717370000000003,73.228250000000003,1,S-2,10,35,SILTY CLAY,42,18,30
33.717370000000003,73.228250000000003,1,S-3,15,42,SILTY CLAY,60,18,30
33.717370000000003,73.228250000000003,1,S-4,20,50,SILTY CLAY,70,19,30
33.717370000000003,73.228250000000003,2,S-1,5,12,SILTY CLAY,25,16,30
33.717370000000003,73.228250000000003,2,S-2,10,34,SILTY CLAY,42,18,30
33.717370000000003,73.228250000000003,2,S-3,15,48,SILTY CLAY,60,18,30
33.717370000000003,73.228250000000003,2,S-4,20,50,SILTY CLAY,70,19,30
33.717370000000003,73.228250000000003,3,S-1,5,11,SILTY CLAY,25,16,30
33.717370000000003,73.228250000000003,3,S-2,10,33,SILTY CLAY,42,18,30
33.705154399999998,73.153713100000004,1,S-1,5,10,SILTY CLAY,23,16,31
33.705154399999998,73.153713100000004,1,S-2,10,36,SILTY CLAY,45,18,31
33.705154399999998,73.153713100000004,1,S-3,15,42,SILTY CLAY,53,18,31
33.705154399999998,73.153713100000004,1,S-4,20,39,SILTY CLAY,60,18,31
33.705154399999998,73.153713100000004,2,S-1,5,23,SILTY CLAY,23,16,31
33.705154399999998,73.153713100000004,2,S-2,10,50,SILTY CLAY,45,18,31
33.687139999999999,73.253190000000004,1,S-1,5,10,SILTY CLAY,22,16,32
33.687139999999999,73.253190000000004,2,S-1,5,9,SILTY CLAY,22,16,32
33.687139999999999,73.253190000000004,3,S-1,5,9,SILTY CLAY,22,16,32
33.687139999999999,73.253190000000004,3,S-2,10,12,SILTY CLAY,27,16,32
33.687139999999999,73.253190000000004,3,S-3,15,14,SILTY CLAY,33,18,32
33.687139999999999,73.253190000000004,3,S-4,20,29,SILTY CLAY,45,18,32
33.676780000000001,73.224289999999996,1,S-1,5,14,SILTY CLAY,25,16,33
33.676780000000001,73.224289999999996,1,S-2,10,14,SILTY CLAY,33,18,33
33.676780000000001,73.224289999999996,1,S-3,15,17,SILTY CLAY,40,18,33
33.676780000000001,73.224289999999996,2,S-1,5,11,SILTY CLAY,25,16,33
33.676780000000001,73.224289999999996,2,S-2,10,13,SILTY CLAY,33,18,33
33.676780000000001,73.224289999999996,2,S-3,15,14,SILTY CLAY,40,18,33
33.691839999999999,73.2102,1,S-1,5,15,SANDY SILTY CLAY,33,16,34
33.691839999999999,73.2102,1,S-2,10,29,SANDY SILTY CLAY,45,18,34
33.691839999999999,73.2102,1,S-3,15,41,SANDY SILTY CLAY,55,18,34
33.691839999999999,73.2102,1,S-4,20,50,SANDY SILTY CLAY,62,19,34
33.691839999999999,73.2102,2,S-1,5,22,SANDY SILTY CLAY,33,16,34
33.691839999999999,73.2102,2,S-2,10,28,SANDY SILTY CLAY,45,18,34
33.691839999999999,73.2102,2,S-3,15,43,SANDY SILTY CLAY,55,18,34
33.691839999999999,73.2102,2,S-4,20,50,SANDY SILTY CLAY,62,19,34
33.69088,73.238640000000004,1,S-1,5,9,SANDY SILTY CLAY,25,16,35
33.69088,73.238640000000004,1,S-2,10,11,SANDY SILTY CLAY,34,18,35
33.69088,73.238640000000004,1,S-3,15,17,SANDY SILTY CLAY,42,19,35
33.69088,73.238640000000004,1,S-4,20,20,SANDY SILTY CLAY,49,19,35
33.69088,73.238640000000004,2,S-1,5,10,SANDY SILTY CLAY,25,16,35
33.69088,73.238640000000004,2,S-2,10,12,SANDY SILTY CLAY,34,18,35
33.69088,73.238640000000004,2,S-3,15,17,SANDY SILTY CLAY,42,19,35
33.69088,73.238640000000004,2,S-4,20,24,SANDY SILTY CLAY,49,19,35
33.721592000000001,73.222832999999994,1,S-1,5,9,SANDY SILTY CLAY,17,16,36
33.721592000000001,73.222832999999994,1,S-2,10,25,SANDY SILTY CLAY,25,16,36
33.721592000000001,73.222832999999994,2,S-1,5,7,SANDY SILTY CLAY,17,16,36
33.721592000000001,73.222832999999994,2,S-2,10,9,SANDY SILTY CLAY,25,16,36
33.714664999999997,73.224884000000003,1,S-1,5,6,SANDY SILTY CLAY,25,16,37
33.714664999999997,73.224884000000003,1,S-2,10,12,SANDY SILTY CLAY,30,16,37
33.714664999999997,73.224884000000003,1,S-3,15,14,SANDY SILTY CLAY,33,16,37
33.714664999999997,73.224884000000003,1,S-4,20,30,SANDY SILTY CLAY,43,18,37
33.714664999999997,73.224884000000003,1,S-5,25,50,SANDY SILTY CLAY,51,18,37
33.714664999999997,73.224884000000003,1,S-6,30,50,SAND,0,19,37
33.714664999999997,73.224884000000003,2,S-1,5,8,SANDY SILTY CLAY,25,16,37
33.714664999999997,73.224884000000003,2,S-2,10,13,SANDY SILTY CLAY,30,16,37
33.714664999999997,73.224884000000003,2,S-3,15,20,SANDY SILTY CLAY,33,16,37
33.714664999999997,73.224884000000003,2,S-4,20,22,SANDY SILTY CLAY,43,18,37
33.714664999999997,73.224884000000003,2,S-5,25,50,SANDY SILTY CLAY,51,18,37
33.714664999999997,73.224884000000003,2,S-6,30,50,SAND,0,19,37
33.684730000000002,73.21472,1,S-1,5,7, SILTY CLAY,13,16,38
33.684730000000002,73.21472,1,S-2,10,10, SILTY CLAY,25,16,38
33.684730000000002,73.21472,1,S-3,15,19, SILTY CLAY,38,18,38
33.684730000000002,73.21472,1,S-4,20,40,SANDY SILTY CLAY,40,18,38
33.684730000000002,73.21472,2,S-1,5,6, SILTY CLAY,13,16,38
33.746763999999999,73.283163000000002,1,S-1,5,50, SILTY CLAY,49,18,39
33.678466,73.256966000000006,1,S-1,5,12, SILTY CLAY,34,18,40
33.678466,73.256966000000006,1,S-2,10,14, SILTY CLAY,43,18,40
33.678466,73.256966000000006,1,S-3,15,18, SILTY CLAY,55,18,40
33.678466,73.256966000000006,1,S-4,20,21, SILTY CLAY,60,18,40
33.678466,73.256966000000006,2,S-1,5,12, SILTY CLAY,34,18,40
33.678466,73.256966000000006,2,S-2,10,13, SILTY CLAY,43,18,40
33.678466,73.256966000000006,2,S-3,15,20, SILTY CLAY,55,18,40
33.678466,73.256966000000006,2,S-4,20,25, SILTY CLAY,60,18,40
33.692796000000001,73.251996000000005,1,S-1,5,12, SILTY CLAY,24,16,42
33.692796000000001,73.251996000000005,3,S-1,5,50,SHALE,24,16,42
33.683019999999999,73.198549999999997,2,S-1,5,50,SILTY CLAY,45,18,45
33.719589999999997,73.221170000000001,1,S-1,5,12,SANDY SILTY CLAY,33,18,46
33.719589999999997,73.221170000000001,3,S-1,5,16,SANDY SILTY CLAY,33,18,46
33.748776999999997,73.285722000000007,1,S-1,5,7,SILTY CLAY,45,18,47
33.723460000000003,73.2166,1,S-1,5,10,SILTY CLAY,24,16,48
33.723460000000003,73.2166,2,S-1,5,9,SILTY  CLAY,24,16,48
33.712135000000004,73.226786000000004,2,S-1,5,8,SILTY  CLAY,17,16,50
33.712135000000004,73.226786000000004,2,S-2,10,9,SILTY  CLAY,27,16,50
33.715890000000002,73.213660000000004,1,S-1,5,6,SILTY  CLAY,20,18,51
33.715890000000002,73.213660000000004,1,S-2,10,12,SILTY  CLAY,24,18,51
33.715890000000002,73.213660000000004,1,S-3,15,13,SILTY  CLAY,33,18,51
33.715890000000002,73.213660000000004,1,S-4,20,14,SILTY  CLAY,38,18,51
33.715890000000002,73.213660000000004,2,S-1,5,7,SILTY  CLAY,20,18,51
33.715890000000002,73.213660000000004,2,S-2,10,8,SILTY  CLAY,24,18,51
33.715890000000002,73.213660000000004,2,S-3,15,12,SILTY  CLAY,33,18,51
33.715890000000002,73.213660000000004,2,S-4,20,15,SILTY  CLAY,38,18,51
33.707146000000002,73.206822900000006,1,S-1,5,3,SILTY  CLAY,15,16,52
33.707146000000002,73.206822900000006,1,S-2,10,6,SILTY  CLAY,18,16,52
33.707146000000002,73.206822900000006,2,S-1,5,2,SILTY  CLAY,15,16,52
33.707146000000002,73.206822900000006,2,S-2,10,6,SILTY  CLAY,18,16,52
33.696594300000001,73.163297200000002,1,S-1,5,6,SILTY  CLAY,15,16,53
33.696594300000001,73.163297200000002,1,S-2,10,50,SILTY  CLAY,22,16,53
33.696594300000001,73.163297200000002,2,S-3,5,7,SILTY  CLAY,15,16,53
33.696594300000001,73.163297200000002,2,S-1,10,8,SILTY  CLAY,22,16,53
33.696594300000001,73.163297200000002,2,S-2,15,11,SILTY  CLAY,28,16,53
33.698217100000001,73.220051799999993,1,S-1,5,9,SILTY CLAY,22,18,54
33.698217100000001,73.220051799999993,1,S-2,10,9,SILTY CLAY,27,18,54
33.698217100000001,73.220051799999993,1,S-3,15,10,SILTY CLAY,34,18,54
33.698217100000001,73.220051799999993,2,S-1,5,8,SILTY CLAY,22,18,54
33.698217100000001,73.220051799999993,2,S-2,10,10,SILTY CLAY,27,18,54
33.698217100000001,73.220051799999993,2,S-3,15,11,SILTY CLAY,34,18,54
33.681404700000002,73.211717300000004,1,S-1,5,11,SILTY CLAY,29,16,55
33.681404700000002,73.211717300000004,1,S-2,10,15,SILTY CLAY,33,16,55
33.681404700000002,73.211717300000004,1,S-3,15,18,SILTY CLAY,50,16,55
33.681404700000002,73.211717300000004,1,S-4,20,50,SILTY CLAY,70,18,55
33.681404700000002,73.211717300000004,1,S-5,25,50,SILTY CLAY,75,18,55
33.681404700000002,73.211717300000004,2,S-1,5,9,SILTY CLAY,29,16,55
33.681404700000002,73.211717300000004,2,S-2,10,16,SILTY CLAY,33,16,55
33.681404700000002,73.211717300000004,2,S-3,15,17,SILTY CLAY,50,16,55
33.681404700000002,73.211717300000004,2,S-4,20,50,SILTY CLAY,70,18,55
33.681404700000002,73.211717300000004,2,S-5,25,50,SILTY CLAY,75,16,55
33.713920000000002,73.220640000000003,1,S-1,5,9,SILTY CLAY,22,18,56
33.693953899999997,73.219264999999993,1,S-2,10,9,SILTY CLAY,27,18,56
33.693953899999997,73.219264999999993,1,S-3,15,10,SILTY CLAY,34,18,56
33.693953899999997,73.219264999999993,2,S-1,5,8,SILTY CLAY,22,18,56
33.693953899999997,73.219264999999993,2,S-2,10,10,SILTY CLAY,27,18,56
33.693953899999997,73.219264999999993,2,S-3,15,11,SILTY CLAY,34,18,56
33.700559200000001,73.225659300000004,1,S-1,5,11,SILTY CLAY,29,16,57
33.700559200000001,73.225659300000004,1,S-2,10,15,SILTY CLAY,33,16,57
33.700559200000001,73.225659300000004,1,S-3,15,18,SILTY CLAY,50,16,57
33.700559200000001,73.225659300000004,1,S-4,20,50,SILTY CLAY,70,18,57
33.700559200000001,73.225659300000004,1,S-5,25,50,SILTY CLAY,75,18,57
33.700559200000001,73.225659300000004,2,S-1,5,9,SILTY CLAY,29,16,57
33.700559200000001,73.225659300000004,2,S-2,10,16,SILTY CLAY,33,16,57
33.700559200000001,73.225659300000004,2,S-3,15,17,SILTY CLAY,50,16,57
33.700559200000001,73.225659300000004,2,S-4,20,50,SILTY CLAY,70,18,57
33.700559200000001,73.225659300000004,2,S-5,25,50,SILTY CLAY,75,16,57
33.679848800000002,73.202597100000006,1,S-1,5,9,SILTY CLAY,22,18,58
33.679848800000002,73.202597100000006,1,S-2,10,9,SILTY CLAY,27,18,58
33.679848800000002,73.202597100000006,1,S-3,15,10,SILTY CLAY,34,18,58
33.679848800000002,73.202597100000006,2,S-1,5,8,SILTY CLAY,22,18,58
33.679848800000002,73.202597100000006,2,S-2,10,10,SILTY CLAY,27,18,58
33.679848800000002,73.202597100000006,2,S-3,15,11,SILTY CLAY,34,18,58
33.68327,73.219136199999994,1,S-1,5,11,SILTY CLAY,29,16,59
33.68327,73.219136199999994,1,S-2,10,15,SILTY CLAY,33,16,59
33.68327,73.219136199999994,1,S-3,15,18,SILTY CLAY,50,16,59
33.68327,73.219136199999994,1,S-4,20,50,SILTY CLAY,70,18,59
33.68327,73.219136199999994,1,S-5,25,50,SILTY CLAY,75,18,59
33.68327,73.219136199999994,2,S-1,5,9,SILTY CLAY,29,16,59
33.68327,73.219136199999994,2,S-2,10,16,SILTY CLAY,33,16,59
33.68327,73.219136199999994,2,S-3,15,17,SILTY CLAY,50,16,59
33.68327,73.219136199999994,2,S-4,20,50,SILTY CLAY,70,18,59
33.68327,73.219136199999994,2,S-5,25,50,SILTY CLAY,75,16,59
33.679770300000001,73.217076300000002,1,S-1,5,11,SILTY CLAY,29,16,60
33.679770300000001,73.217076300000002,1,S-2,10,15,SILTY CLAY,33,16,60
33.679770300000001,73.217076300000002,1,S-3,15,18,SILTY CLAY,50,16,60
33.679770300000001,73.217076300000002,1,S-4,20,50,SILTY CLAY,70,18,60
33.679770300000001,73.217076300000002,1,S-5,25,50,SILTY CLAY,75,18,60
33.679770300000001,73.217076300000002,2,S-1,5,9,SILTY CLAY,29,16,60
33.679770300000001,73.217076300000002,2,S-2,10,16,SILTY CLAY,33,16,60
33.679770300000001,73.217076300000002,2,S-3,15,17,SILTY CLAY,50,16,60
33.679770300000001,73.217076300000002,2,S-4,20,50,SILTY CLAY,70,18,60
33.679770300000001,73.217076300000002,2,S-5,25,50,SILTY CLAY,75,16,60
33.6810987,73.243941300000003,1,S-1,5,8,SILTY CLAY,17,16,61
33.6810987,73.243941300000003,1,S-2,10,50,SILTY CLAY,25,16,61
33.6810987,73.243941300000003,2,S-1,5,10,SILTY CLAY,17,16,61
33.6810987,73.243941300000003,2,S-2,10,23,SILTY CLAY,25,16,61
33.6810987,73.243941300000003,2,S-3,15,50,SILTY CLAY,30,16,61
33.679420200000003,73.246172900000005,2,S-1,5,8,SILTY  CLAY,17,16,62
33.679420200000003,73.246172900000005,2,S-2,10,9,SILTY  CLAY,27,16,62
33.682777100000003,73.249348600000005,1,S-1,5,10,SILTY CLAY,17,16,63
33.682777100000003,73.249348600000005,2,S-1,5,7,SILTY CLAY,17,16,63
33.682777100000003,73.249348600000005,2,S-2,10,8,SILTY CLAY,20,16,63
33.682777100000003,73.249348600000005,2,S-3,15,10,SILTY CLAY,25,16,63
33.682777100000003,73.249348600000005,2,S-4,20,13,SILTY CLAY,33,16,63
33.678466,73.256966000000006,2,S-5,25,15,SILTY CLAY,37,16,63
33.678466,73.256966000000006,1,S-1,5,8,SILTY CLAY,17,16,64
33.678466,73.256966000000006,1,S-2,10,50,SILTY CLAY,25,16,64
33.678466,73.256966000000006,2,S-1,5,10,SILTY CLAY,17,16,64
33.678466,73.256966000000006,2,S-2,10,23,SILTY CLAY,25,16,64
33.678466,73.256966000000006,2,S-3,15,50,SILTY CLAY,30,16,64
33.691454399999998,73.248034000000004,1,S-1,5,18,SILTY CLAY,41,18,65
33.691454399999998,73.248034000000004,1,S-2,10,26,SILTY CLAY,46,18,65
33.691454399999998,73.248034000000004,2,S-1,5,16,SILTY CLAY,41,18,65
33.691454399999998,73.248034000000004,2,S-2,10,26,SILTY CLAY,46,18,65
33.690882999999999,73.242884200000006,1,S-1,5,10,SILTY CLAY,20,16,66
33.690882999999999,73.242884200000006,1,S-2,10,17,SILTY CLAY,25,16,66
33.690882999999999,73.242884200000006,1,S-3,15,18,SILTY CLAY,32,18,66
33.690882999999999,73.242884200000006,1,S-4,20,20,SILTY CLAY,37,18,66
33.690882999999999,73.242884200000006,2,S-1,5,10,SILTY CLAY,20,16,66
33.690882999999999,73.242884200000006,2,S-2,10,16,SILTY CLAY,25,16,66
33.690734399999997,73.216491199999993,1,S-1,5,11,SILTY CLAY,29,16,67
33.690734399999997,73.216491199999993,1,S-2,10,15,SILTY CLAY,33,16,67
33.690734399999997,73.216491199999993,1,S-3,15,18,SILTY CLAY,50,16,67
33.690734399999997,73.216491199999993,1,S-4,20,50,SILTY CLAY,70,18,67
33.690734399999997,73.216491199999993,1,S-5,25,50,SILTY CLAY,75,18,67
33.690734399999997,73.216491199999993,2,S-1,5,9,SILTY CLAY,29,16,67
33.690734399999997,73.216491199999993,2,S-2,10,16,SILTY CLAY,33,16,67
33.690734399999997,73.216491199999993,2,S-3,15,17,SILTY CLAY,50,16,67
33.690734399999997,73.216491199999993,2,S-4,20,50,SILTY CLAY,70,18,67
33.690734399999997,73.216491199999993,2,S-5,25,50,SILTY CLAY,75,16,67
33.685271,73.238421000000002,1,S-1,5,18,SILTY CLAY,41,18,68
33.685271,73.238421000000002,1,S-2,10,26,SILTY CLAY,46,18,68
33.685271,73.238421000000002,2,S-1,5,16,SILTY CLAY,41,18,68
33.685271,73.238421000000002,2,S-2,10,26,SILTY CLAY,46,18,68
33.718947200000002,73.209242799999998,1,S-1,5,50,SANDSTONE,45,18,69
33.718947200000002,73.209242799999998,2,S-1,5,50,SILTY CLAY,45,18,69
33.706934500000003,73.184888299999997,1,S-1,5,11,SILTY CLAY,29,16,70
33.706934500000003,73.184888299999997,1,S-2,10,15,SILTY CLAY,33,16,70
33.706934500000003,73.184888299999997,1,S-3,15,18,SILTY CLAY,50,16,70
33.706934500000003,73.184888299999997,1,S-4,20,50,SILTY CLAY,70,18,70
33.706934500000003,73.184888299999997,1,S-5,25,50,SILTY CLAY,75,18,70
33.706934500000003,73.184888299999997,2,S-1,5,9,SILTY CLAY,29,16,70
33.706934500000003,73.184888299999997,2,S-2,10,16,SILTY CLAY,33,16,70
33.706934500000003,73.184888299999997,2,S-3,15,17,SILTY CLAY,50,16,70
33.706934500000003,73.184888299999997,2,S-4,20,50,SILTY CLAY,70,18,70
33.706934500000003,73.184888299999997,2,S-5,25,50,SILTY CLAY,75,16,70
33.6887252,73.184888299999997,1,S-1,5,11,SILTY CLAY,25,16,71
33.6887252,73.184888299999997,1,S-2,10,20,SILTY SAND,37,18,71
33.6887252,73.184888299999997,1,S-3,15,27,SILTY SAND,45,18,71
33.725603100000001,73.144805399999996,2,S-1,5,50,SILTY CLAY,45,18,72
33.727314100000001,73.170211300000005,1,S-1,5,6,SILTY  CLAY,20,18,73
33.727314100000001,73.170211300000005,1,S-2,10,12,SILTY  CLAY,24,18,73
33.727314100000001,73.170211300000005,1,S-3,15,13,SILTY  CLAY,33,18,73
33.727314100000001,73.170211300000005,1,S-4,20,14,SILTY  CLAY,38,18,73
33.727314100000001,73.170211300000005,2,S-1,5,7,SILTY  CLAY,20,18,73
33.727314100000001,73.170211300000005,2,S-2,10,8,SILTY  CLAY,24,18,73
33.727314100000001,73.170211300000005,2,S-3,15,12,SILTY  CLAY,33,18,73
33.727314100000001,73.170211300000005,2,S-4,20,15,SILTY  CLAY,38,18,73
33.677616200000003,73.1540751,2,S-1,5,8,SILTY  CLAY,17,16,74
33.677616200000003,73.1540751,2,S-2,10,9,SILTY  CLAY,27,16,74
33.750408800000002,73.219611599999993,1,S-1,5,50,SHALE,45,18,77
33.750408800000002,73.219611599999993,1,S-2,10,50,SANDSTONE,50,18,77
33.750408800000002,73.219611599999993,2,S-1,5,50,SHALE,45,18,77
33.750408800000002,73.219611599999993,3,S-1,5,50,SHALE,45,18,77
33.750408800000002,73.219611599999993,3,S-2,10,50,SANDSTONE,50,18,77
33.758755899999997,73.234205500000002,1,S-1,5,10,SILTY CLAY,24,16,78
33.758755899999997,73.234205500000002,2,S-1,5,9,SILTY  CLAY,24,16,78
33.759878200000003,73.257327200000006,1,S-1,5,7,SILTY CLAY,19,16,79
33.759878200000003,73.257327200000006,1,S-2,10,8,SILTY CLAY,25,16,79
33.759878200000003,73.257327200000006,1,S-3,15,10,SILTY CLAY,25,16,79
33.759878200000003,73.257327200000006,1,S-4,20,12,SILTY CLAY,30,16,79
33.759878200000003,73.257327200000006,2,S-1,5,6,SILTY CLAY,19,16,79
33.759878200000003,73.257327200000006,2,S-2,10,8,SILTY CLAY,25,16,79
33.759878200000003,73.257327200000006,2,S-3,15,11,SILTY CLAY,25,16,79
33.759878200000003,73.257327200000006,2,S-4,20,14,SILTY CLAY,30,16,79
33.7103544,73.234972200000001,1,S-1,5,18,SILTY CLAY,41,18,87
33.7103544,73.234972200000001,1,S-2,10,26,SILTY CLAY,46,18,87
33.7103544,73.234972200000001,2,S-1,5,16,SILTY CLAY,41,18,87
33.7103544,73.234972200000001,2,S-2,10,26,SILTY CLAY,46,18,87
33.717110599999998,73.2380663,1,S-1,5,29,SANDY SILTY CLAY,37,18,88
33.717110599999998,73.2380663,1,S-2,10,34,SANDY SILTY CLAY,45,18,88
33.717110599999998,73.2380663,2,S-1,5,26,SANDY SILTY CLAY,37,18,88
33.717110599999998,73.2380663,2,S-2,10,35,SANDY SILTY CLAY,45,18,88
33.710066300000001,73.210572200000001,1,S-1,5,10,SILTY CLAY,20,16,90
33.710066300000001,73.210572200000001,1,S-2,10,17,SILTY CLAY,25,16,90
33.710066300000001,73.210572200000001,1,S-3,15,18,SILTY CLAY,32,18,90
33.710066300000001,73.210572200000001,1,S-4,20,20,SILTY CLAY,37,18,90
33.710066300000001,73.210572200000001,2,S-1,5,10,SILTY CLAY,20,16,90
33.710066300000001,73.210572200000001,2,S-2,10,16,SILTY CLAY,25,16,90
33.711832399999999,73.215834299999997,1,S-1,5,3,SILTY  CLAY,15,16,91
33.711832399999999,73.215834299999997,1,S-2,10,6,SILTY  CLAY,18,16,91
33.711832399999999,73.215834299999997,2,S-1,5,2,SILTY  CLAY,15,16,91
33.711832399999999,73.215834299999997,2,S-2,10,6,SILTY  CLAY,18,16,91
33.702514499999999,73.208602999999997,1,S-1,5,6,SILTY CLAY,15,16,92
33.702514499999999,73.208602999999997,1,S-2,10,8,SILTY CLAY,20,16,92
33.702514499999999,73.208602999999997,3,S-1,5,6,SILTY CLAY,15,16,92
33.712910399999998,73.208285500000002,1,S-1,5,6,SILTY CLAY,15,16,93
33.712910399999998,73.208285500000002,1,S-2,10,8,SILTY CLAY,22,16,93
33.712910399999998,73.208285500000002,1,S-3,15,50,SANDY SILTY CLAY,35,18,93
33.712910399999998,73.208285500000002,1,S-4,20,50,SANDY SILTY CLAY,40,18,93
33.712910399999998,73.208285500000002,2,S-1,5,7,SILTY CLAY,15,16,93
33.712910399999998,73.208285500000002,2,S-2,10,10,SILTY CLAY,22,16,93
33.712910399999998,73.208285500000002,2,S-3,15,50,SANDY SILTY CLAY,35,18,93
33.712910399999998,73.208285500000002,2,S-4,20,50,SANDY SILTY CLAY,40,18,93
33.711501300000002,73.202316800000006,1,S-1,5,3,SILTY  CLAY,15,16,94
33.711501300000002,73.202316800000006,1,S-2,10,6,SILTY  CLAY,18,16,94
33.711501300000002,73.202316800000006,2,S-1,5,2,SILTY  CLAY,15,16,94
33.711501300000002,73.202316800000006,2,S-2,10,6,SILTY  CLAY,18,16,94
33.708353099999997,73.203218000000007,1,S-1,5,10,SILTY CLAY,20,16,95
33.708353099999997,73.203218000000007,1,S-2,10,16,SILTY CLAY,25,18,95
33.708353099999997,73.203218000000007,1,S-3,15,19,SILTY CLAY,35,18,95
33.708353099999997,73.203218000000007,1,S-4,20,23,SILTY CLAY,43,18,95
33.708353099999997,73.203218000000007,2,S-1,5,18,SILTY CLAY,20,16,95
33.708353099999997,73.203218000000007,2,S-2,10,18,SILTY CLAY,25,18,95
33.708353099999997,73.203218000000007,2,S-3,15,21,SILTY CLAY,35,18,95
33.708353099999997,73.203218000000007,2,S-4,20,26,SILTY CLAY,43,18,95
33.6995887,73.187247400000004,1,S-1,5,50,SANDY SILTY CLAY,48,16,96
33.6995887,73.187247400000004,2,S-1,5,50,SANDY SILTY CLAY,48,16,96
33.6995887,73.187247400000004,3,S-1,5,50,SANDY SILTY CLAY,48,16,96
33.727497499999998,73.235185400000006,1,S-1,5,8,SILTY CLAY,17,16,97
33.727497499999998,73.235185400000006,1,S-2,10,50,SILTY CLAY,25,16,97
33.727497499999998,73.235185400000006,2,S-1,5,10,SILTY CLAY,17,16,97
33.727497499999998,73.235185400000006,2,S-2,10,23,SILTY CLAY,25,16,97
33.727497499999998,73.235185400000006,2,S-3,15,50,SILTY CLAY,30,16,97
33.698067399999999,73.206765399999995,1,S-1,5,7,SILTY CLAY,15,16,98
33.698067399999999,73.206765399999995,1,S-2,10,10,SILTY CLAY,25,16,98
33.698067399999999,73.206765399999995,1,S-3,15,19,SILTY CLAY,33,16,98
33.698067399999999,73.206765399999995,1,S-4,20,50,SANDY SILTY CLAY,42,18,98
33.697474,73.198522299999993,1,S-1,5,8,SILTY CLAY,15,16,99
33.697474,73.198522299999993,1,S-2,10,9,SILTY CLAY,17,16,99
33.697474,73.198522299999993,1,S-3,15,14,SILTY CLAY,27,16,99
33.697474,73.198522299999993,1,S-4,20,26,SILTY CLAY,40,18,99
33.697474,73.198522299999993,2,S-1,5,6,SILTY CLAY,15,16,99
33.697474,73.198522299999993,2,S-2,10,9,SILTY CLAY,17,16,99
33.697474,73.198522299999993,2,S-3,15,14,SILTY CLAY,27,16,99
33.697474,73.198522299999993,2,S-4,20,25,SILTY CLAY,40,18,99
33.697474,73.198522299999993,3,S-1,5,7,SILTY CLAY,15,16,99
33.697474,73.198522299999993,3,S-2,10,10,SILTY CLAY,17,16,99
33.670750499999997,73.166335099999998,1,S-1,5,9,SILTY CLAY,17,16,100
33.670750499999997,73.166335099999998,1,S-2,10,11,SILTY CLAY,20,16,100
33.670750499999997,73.166335099999998,1,S-3,15,14,SILTY CLAY,33,18,100
33.670750499999997,73.166335099999998,1,S-4,20,18,SILTY CLAY,49,18,100
33.670750499999997,73.166335099999998,2,S-1,5,10,SILTY CLAY,17,16,100
33.670750499999997,73.166335099999998,2,S-2,10,11,SILTY CLAY,20,16,100
33.670750499999997,73.166335099999998,2,S-3,15,16,SILTY CLAY,33,18,100
33.670750499999997,73.166335099999998,2,S-4,20,20,SILTY CLAY,49,18,100
33.670750499999997,73.166335099999998,3,S-1,5,8,SILTY CLAY,17,16,100
33.670750499999997,73.166335099999998,3,S-2,10,9,SILTY CLAY,20,16,100
33.670750499999997,73.166335099999998,3,S-3,15,15,SILTY CLAY,33,18,100
33.670750499999997,73.166335099999998,3,S-4,20,18,SILTY CLAY,49,18,100
33.703983700000002,73.161553299999994,1,S-1,5,6,SILTY  CLAY,15,16,101
33.703983700000002,73.161553299999994,1,S-2,10,50,SILTY  CLAY,22,16,101
33.703983700000002,73.161553299999994,2,S-3,5,7,SILTY  CLAY,15,16,101
33.703983700000002,73.161553299999994,2,S-1,10,8,SILTY  CLAY,22,16,101
33.703983700000002,73.161553299999994,2,S-2,15,11,SILTY  CLAY,28,16,101
33.692890200000001,73.158058999999994,1,S-1,5,9,SILTY CLAY,22,18,102
33.692890200000001,73.158058999999994,1,S-2,10,9,SILTY CLAY,27,18,102
33.692890200000001,73.158058999999994,1,S-3,15,10,SILTY CLAY,34,18,102
33.692890200000001,73.158058999999994,2,S-1,5,8,SILTY CLAY,22,18,102
33.692890200000001,73.158058999999994,2,S-2,10,10,SILTY CLAY,27,18,102
33.692890200000001,73.158058999999994,2,S-3,15,11,SILTY CLAY,34,18,102
33.714507599999997,73.176801499999996,1,S-1,5,10,SILTY CLAY,23,16,103
33.714507599999997,73.176801499999996,1,S-2,10,36,SILTY CLAY,45,18,103
33.714507599999997,73.176801499999996,1,S-3,15,42,SILTY CLAY,53,18,103
33.714507599999997,73.176801499999996,1,S-4,20,39,SILTY CLAY,60,18,103
33.714507599999997,73.176801499999996,2,S-1,5,23,SILTY CLAY,23,16,103
33.714507599999997,73.176801499999996,2,S-2,10,50,SILTY CLAY,45,18,103
